Workbook

Sheet Dashboard
A1: Patient Recommendation Dashboard
A3: Overview of recommended patient changes based on allocation, utilization, and clinical indicators
B5: Total Patients | F5: Patients Needing Change | J5: Within Allocation
B6: =Summary_Data!B2 -> 87 | F6: =Summary_Data!B3 -> 0 | J6: =Summary_Data!B4 -> 87
B10: Total Excess Days | F10: Avg Excess Days | J10: Avg Mean Daily Risk
B11: =Summary_Data!B6 -> 2917 | F11: =Summary_Data!B7 -> 0 | J11: =Summary_Data!B8 -> 0.10007307
A15: Current LOC Distribution | H15: Recommendation Mix
A29: Top 10 Highest-Priority Patients
A30: Rank | B30: Client ID | C30: Current LOC | D30: Excess Days | E30: Mean Daily Risk | F30: Recommendation | G30: Priority Score | I30: How to use this dashboard • Focus first on patients with the highest priority score. • Recommendation mix shows where the biggest step-up demand is concentrated. • Current LOC distribution shows how the current panel is spread across Steps 3–6. Priority score = Excess Days × (1 + Mean Daily Risk + Mean BPRS) This score is a sorting aid for review, not a clinical decision rule.
A31: =Summary_Data!A32 -> 1 | B31: =Summary_Data!B32 -> 80 | C31: =Summary_Data!C32 -> 5 | D31: =Summary_Data!D32 -> 129 | E31: =Summary_Data!E32 -> 0.15317253 | F31: =Summary_Data!F32 -> Upgrade Step Inpt 5 → Step Inpt 6 | G31: =Summary_Data!G32 -> 250.88426
A32: =Summary_Data!A33 -> 2 | B32: =Summary_Data!B33 -> 25 | C32: =Summary_Data!C33 -> 5 | D32: =Summary_Data!D33 -> 116 | E32: =Summary_Data!E33 -> 0.15314136 | F32: =Summary_Data!F33 -> Upgrade Step Inpt 5 → Step Inpt 6 | G32: =Summary_Data!G33 -> 230.43106
A33: =Summary_Data!A34 -> 3 | B33: =Summary_Data!B34 -> 22 | C33: =Summary_Data!C34 -> 5 | D33: =Summary_Data!D34 -> 116 | E33: =Summary_Data!E34 -> 0.15223187 | F33: =Summary_Data!F34 -> Upgrade Step Inpt 5 → Step Inpt 6 | G33: =Summary_Data!G34 -> 227.9089
A34: =Summary_Data!A35 -> 4 | B34: =Summary_Data!B35 -> 73 | C34: =Summary_Data!C35 -> 5 | D34: =Summary_Data!D35 -> 114 | E34: =Summary_Data!E35 -> 0.13796168 | F34: =Summary_Data!F35 -> Upgrade Step Inpt 5 → Step Inpt 6 | G34: =Summary_Data!G35 -> 222.35263
A35: =Summary_Data!A36 -> 5 | B35: =Summary_Data!B36 -> 44 | C35: =Summary_Data!C36 -> 5 | D35: =Summary_Data!D36 -> 106 | E35: =Summary_Data!E36 -> 0.15101217 | F35: =Summary_Data!F36 -> Upgrade Step Inpt 5 → Step Inpt 6 | G35: =Summary_Data!G36 -> 208.13229
A36: =Summary_Data!A37 -> 6 | B36: =Summary_Data!B37 -> 99 | C36: =Summary_Data!C37 -> 5 | D36: =Summary_Data!D37 -> 103 | E36: =Summary_Data!E37 -> 0.14900193 | F36: =Summary_Data!F37 -> Upgrade Step Inpt 5 → Step Inpt 6 | G36: =Summary_Data!G37 -> 195.5972
A37: =Summary_Data!A38 -> 7 | B37: =Summary_Data!B38 -> 50 | C37: =Summary_Data!C38 -> 6 | D37: =Summary_Data!D38 -> 94 | E37: =Summary_Data!E38 -> 0.19544212 | F37: =Summary_Data!F38 -> Highest step — escalate to clinical review | G37: =Summary_Data!G38 -> 194.62156
A38: =Summary_Data!A39 -> 8 | B38: =Summary_Data!B39 -> 92 | C38: =Summary_Data!C39 -> 5 | D38: =Summary_Data!D39 -> 97 | E38: =Summary_Data!E39 -> 0.1479161 | F38: =Summary_Data!F39 -> Upgrade Step Inpt 5 → Step Inpt 6 | G38: =Summary_Data!G39 -> 188.13953
A39: =Summary_Data!A40 -> 9 | B39: =Summary_Data!B40 -> 37 | C39: =Summary_Data!C40 -> 5 | D39: =Summary_Data!D40 -> 98 | E39: =Summary_Data!E40 -> 0.1491655 | F39: =Summary_Data!F40 -> Upgrade Step Inpt 5 → Step Inpt 6 | G39: =Summary_Data!G40 -> 182.03489
A40: =Summary_Data!A41 -> 10 | B40: =Summary_Data!B41 -> 55 | C40: =Summary_Data!C41 -> 6 | D40: =Summary_Data!D41 -> 82 | E40: =Summary_Data!E41 -> 0.19637428 | F40: =Summary_Data!F41 -> Highest step — escalate to clinical review | G40: =Summary_Data!G41 -> 171.56102

Sheet Raw_Data
A1: Client ID | B1: Current LOC | C1: Total Days | D1: ED Visits | E1: Inpatient Admissions | F1: Mean Daily Risk | G1: Max Daily Risk | H1: Days Med Mgmt = 0 | I1: Max Consecutive Med Miss | J1: Mean BPRS | K1: Allocation | L1: Annual Allocation | M1: Episode Days | N1: Exceeds Allocation | O1: Excess Days | P1: Recommendation | Q1: Priority Score | R1: Priority Rank
A2: 2 | B2: 3 | C2: 441 | D2: 22 | E2: 0 | F2: 0.054466553 | G2: 0.078164311 | H2: 337 | I2: 18 | J2: 0.5 | K2: 21 | L2: 17 | M2: 441 | N2: TRUE | O2: 1 | P2: Upgrade Step 3 → Step 4 | Q2: =IF(N2,O2*(1+F2+J2),0) -> 1.5544666 | R2: =COUNTIF($Q$2:$Q$88,">"&Q2)+COUNTIF($Q$2:Q2,Q2) -> 77
A3: 3 | B3: 4 | C3: 1050 | D3: 68 | E3: 11 | F3: 0.080330878 | G3: 0.13287976 | H3: 922 | I3: 39 | J3: 0.625 | K3: 49 | L3: 17 | M3: 1050 | N3: TRUE | O3: 19 | P3: Upgrade Step 4 → Step Inpatient 5 | Q3: =IF(N3,O3*(1+F3+J3),0) -> 32.401287 | R3: =COUNTIF($Q$2:$Q$88,">"&Q3)+COUNTIF($Q$2:Q3,Q3) -> 40
A4: 6 | B4: 3 | C4: 644 | D4: 36 | E4: 2 | F4: 0.058822352 | G4: 0.08635253 | H4: 532 | I4: 34 | J4: 0.45833333 | K4: 30 | L4: 17 | M4: 644 | N4: TRUE | O4: 6 | P4: Upgrade Step 3 → Step 4 | Q4: =IF(N4,O4*(1+F4+J4),0) -> 9.1029341 | R4: =COUNTIF($Q$2:$Q$88,">"&Q4)+COUNTIF($Q$2:Q4,Q4) -> 65
A5: 7 | B5: 4 | C5: 1036 | D5: 72 | E5: 10 | F5: 0.078299111 | G5: 0.13173072 | H5: 913 | I5: 36 | J5: 0.52083333 | K5: 48 | L5: 17 | M5: 1036 | N5: TRUE | O5: 24 | P5: Upgrade Step 4 → Step Inpatient 5 | Q5: =IF(N5,O5*(1+F5+J5),0) -> 38.379179 | R5: =COUNTIF($Q$2:$Q$88,">"&Q5)+COUNTIF($Q$2:Q5,Q5) -> 35
A6: 8 | B6: 5 | C6: 364 | D6: 46 | E6: 13 | F6: 0.14111874 | G6: 0.20065952 | H6: 272 | I6: 20 | J6: 0.8125 | K6: 0 | L6: 0 | M6: 364 | N6: TRUE | O6: 46 | P6: Upgrade Step Inpt 5 → Step Inpt 6 | Q6: =IF(N6,O6*(1+F6+J6),0) -> 89.866462 | R6: =COUNTIF($Q$2:$Q$88,">"&Q6)+COUNTIF($Q$2:Q6,Q6) -> 26
A7: 10 | B7: 4 | C7: 602 | D7: 36 | E7: 2 | F7: 0.084385324 | G7: 0.12910239 | H7: 488 | I7: 28 | J7: 0.625 | K7: 28 | L7: 17 | M7: 602 | N7: TRUE | O7: 8 | P7: Upgrade Step 4 → Step Inpatient 5 | Q7: =IF(N7,O7*(1+F7+J7),0) -> 13.675083 | R7: =COUNTIF($Q$2:$Q$88,">"&Q7)+COUNTIF($Q$2:Q7,Q7) -> 57
A8: 11 | B8: 3 | C8: 623 | D8: 37 | E8: 8 | F8: 0.058495687 | G8: 0.08639485 | H8: 508 | I8: 42 | J8: 0.41666667 | K8: 29 | L8: 17 | M8: 623 | N8: TRUE | O8: 8 | P8: Upgrade Step 3 → Step 4 | Q8: =IF(N8,O8*(1+F8+J8),0) -> 11.801299 | R8: =COUNTIF($Q$2:$Q$88,">"&Q8)+COUNTIF($Q$2:Q8,Q8) -> 59
A9: 12 | B9: 5 | C9: 364 | D9: 28 | E9: 7 | F9: 0.12936531 | G9: 0.18949674 | H9: 263 | I9: 18 | J9: 0.77083333 | K9: 0 | L9: 0 | M9: 364 | N9: TRUE | O9: 28 | P9: Upgrade Step Inpt 5 → Step Inpt 6 | Q9: =IF(N9,O9*(1+F9+J9),0) -> 53.205562 | R9: =COUNTIF($Q$2:$Q$88,">"&Q9)+COUNTIF($Q$2:Q9,Q9) -> 34
A10: 14 | B10: 3 | C10: 490 | D10: 28 | E10: 3 | F10: 0.053891706 | G10: 0.085197605 | H10: 390 | I10: 24 | J10: 0.35416667 | K10: 23 | L10: 17 | M10: 490 | N10: TRUE | O10: 5 | P10: Upgrade Step 3 → Step 4 | Q10: =IF(N10,O10*(1+F10+J10),0) -> 7.0402919 | R10: =COUNTIF($Q$2:$Q$88,">"&Q10)+COUNTIF($Q$2:Q10,Q10) -> 69
A11: 16 | B11: 4 | C11: 371 | D11: 29 | E11: 4 | F11: 0.074702199 | G11: 0.11919939 | H11: 273 | I11: 31 | J11: 0.66666667 | K11: 17 | L11: 17 | M11: 371 | N11: TRUE | O11: 12 | P11: Upgrade Step 4 → Step Inpatient 5 | Q11: =IF(N11,O11*(1+F11+J11),0) -> 20.896426 | R11: =COUNTIF($Q$2:$Q$88,">"&Q11)+COUNTIF($Q$2:Q11,Q11) -> 49
A12: 17 | B12: 5 | C12: 672 | D12: 77 | E12: 16 | F12: 0.1479129 | G12: 0.20340944 | H12: 555 | I12: 25 | J12: 0.70833333 | K12: 0 | L12: 0 | M12: 672 | N12: TRUE | O12: 77 | P12: Upgrade Step Inpt 5 → Step Inpt 6 | Q12: =IF(N12,O12*(1+F12+J12),0) -> 142.93096 | R12: =COUNTIF($Q$2:$Q$88,">"&Q12)+COUNTIF($Q$2:Q12,Q12) -> 18
A13: 19 | B13: 5 | C13: 672 | D13: 73 | E13: 18 | F13: 0.15054618 | G13: 0.21230886 | H13: 554 | I13: 27 | J13: 0.79166667 | K13: 0 | L13: 0 | M13: 672 | N13: TRUE | O13: 73 | P13: Upgrade Step Inpt 5 → Step Inpt 6 | Q13: =IF(N13,O13*(1+F13+J13),0) -> 141.78154 | R13: =COUNTIF($Q$2:$Q$88,">"&Q13)+COUNTIF($Q$2:Q13,Q13) -> 19
... A88: 120 | B88: 5 | C88: 448 | D88: 45 | E88: 12 | F88: 0.14067813 | G88: 0.20256524 | H88: 337 | I88: 25 | J88: 0.79166667 | K88: 0 | L88: 0 | M88: 448 | N88: TRUE | O88: 45 | P88: Upgrade Step Inpt 5 → Step Inpt 6 | Q88: =IF(N88,O88*(1+F88+J88),0) -> 86.955516 | R88: =COUNTIF($Q$2:$Q$88,">"&Q88)+COUNTIF($Q$2:Q88,Q88) -> 27

Sheet Summary_Data
A1: Metric | B1: Value
A2: Total Patients | B2: =COUNTA(Raw_Data!$A$2:$A$88) -> 87
A3: Patients Needing Change | B3: =COUNTIF(Raw_Data!$N$2:$N$88,1) -> 0
A4: Within Allocation | B4: =B2-B3 -> 87
A5: % Needing Change | B5: =IFERROR(B3/B2,0) -> 0
A6: Total Excess Days | B6: =SUM(Raw_Data!$O$2:$O$88) -> 2917
A7: Avg Excess Days (Exceeded Only) | B7: =IFERROR(AVERAGEIF(Raw_Data!$N$2:$N$88,1,Raw_Data!$O$2:$O$88),0) -> 0
A8: Avg Mean Daily Risk | B8: =AVERAGE(Raw_Data!$F$2:$F$88) -> 0.10007307
A9: Avg Mean BPRS | B9: =AVERAGE(Raw_Data!$J$2:$J$88) -> 0.62092912
A10: Highest Excess Days | B10: =MAX(Raw_Data!$O$2:$O$88) -> 129
A13: Recommendation | B13: Patients | C13: Total Excess Days | D13: Chart Label
A14: Upgrade Step Inpt 5 → Step Inpt 6 | B14: =COUNTIF(Raw_Data!$P$2:$P$88,A14) -> 25 | C14: =SUMIF(Raw_Data!$P$2:$P$88,A14,Raw_Data!$O$2:$O$88) -> 1869 | D14: Inpt 5 → 6
A15: Upgrade Step 3 → Step 4 | B15: =COUNTIF(Raw_Data!$P$2:$P$88,A15) -> 24 | C15: =SUMIF(Raw_Data!$P$2:$P$88,A15,Raw_Data!$O$2:$O$88) -> 161 | D15: Step 3 → 4
A16: Upgrade Step 4 → Step Inpatient 5 | B16: =COUNTIF(Raw_Data!$P$2:$P$88,A16) -> 22 | C16: =SUMIF(Raw_Data!$P$2:$P$88,A16,Raw_Data!$O$2:$O$88) -> 322 | D16: Step 4 → Inpt 5
A17: Within allocation | B17: =COUNTIF(Raw_Data!$P$2:$P$88,A17) -> 8 | C17: =SUMIF(Raw_Data!$P$2:$P$88,A17,Raw_Data!$O$2:$O$88) -> 0 | D17: Within allocation
A18: Highest step — escalate to clinical review | B18: =COUNTIF(Raw_Data!$P$2:$P$88,A18) -> 8 | C18: =SUMIF(Raw_Data!$P$2:$P$88,A18,Raw_Data!$O$2:$O$88) -> 565 | D18: Highest step / review
A22: Current LOC | B22: Patients | C22: Avg Excess Days
A23: 3 | B23: =COUNTIF(Raw_Data!$B$2:$B$88,A23) -> 31 | C23: =IFERROR(AVERAGEIF(Raw_Data!$B$2:$B$88,A23,Raw_Data!$O$2:$O$88),0) -> 5.1935484
A24: 4 | B24: =COUNTIF(Raw_Data!$B$2:$B$88,A24) -> 23 | C24: =IFERROR(AVERAGEIF(Raw_Data!$B$2:$B$88,A24,Raw_Data!$O$2:$O$88),0) -> 14
A25: 5 | B25: =COUNTIF(Raw_Data!$B$2:$B$88,A25) -> 25 | C25: =IFERROR(AVERAGEIF(Raw_Data!$B$2:$B$88,A25,Raw_Data!$O$2:$O$88),0) -> 74.76
A26: 6 | B26: =COUNTIF(Raw_Data!$B$2:$B$88,A26) -> 8 | C26: =IFERROR(AVERAGEIF(Raw_Data!$B$2:$B$88,A26,Raw_Data!$O$2:$O$88),0) -> 70.625
A31: Rank | B31: Client ID | C31: Current LOC | D31: Excess Days | E31: Mean Daily Risk | F31: Recommendation | G31: Priority Score
A32: 1 | B32: =INDEX(Raw_Data!$A$2:$A$88,MATCH($A32,Raw_Data!$R$2:$R$88,0)) -> 80 | C32: =INDEX(Raw_Data!$B$2:$B$88,MATCH($A32,Raw_Data!$R$2:$R$88,0)) -> 5 | D32: =INDEX(Raw_Data!$O$2:$O$88,MATCH($A32,Raw_Data!$R$2:$R$88,0)) -> 129 | E32: =INDEX(Raw_Data!$F$2:$F$88,MATCH($A32,Raw_Data!$R$2:$R$88,0)) -> 0.15317253 | F32: =INDEX(Raw_Data!$P$2:$P$88,MATCH($A32,Raw_Data!$R$2:$R$88,0)) -> Upgrade Step Inpt 5 → Step Inpt 6 | G32: =INDEX(Raw_Data!$Q$2:$Q$88,MATCH($A32,Raw_Data!$R$2:$R$88,0)) -> 250.88426
A33: 2 | B33: =INDEX(Raw_Data!$A$2:$A$88,MATCH($A33,Raw_Data!$R$2:$R$88,0)) -> 25 | C33: =INDEX(Raw_Data!$B$2:$B$88,MATCH($A33,Raw_Data!$R$2:$R$88,0)) -> 5 | D33: =INDEX(Raw_Data!$O$2:$O$88,MATCH($A33,Raw_Data!$R$2:$R$88,0)) -> 116 | E33: =INDEX(Raw_Data!$F$2:$F$88,MATCH($A33,Raw_Data!$R$2:$R$88,0)) -> 0.15314136 | F33: =INDEX(Raw_Data!$P$2:$P$88,MATCH($A33,Raw_Data!$R$2:$R$88,0)) -> Upgrade Step Inpt 5 → Step Inpt 6 | G33: =INDEX(Raw_Data!$Q$2:$Q$88,MATCH($A33,Raw_Data!$R$2:$R$88,0)) -> 230.43106
A34: 3 | B34: =INDEX(Raw_Data!$A$2:$A$88,MATCH($A34,Raw_Data!$R$2:$R$88,0)) -> 22 | C34: =INDEX(Raw_Data!$B$2:$B$88,MATCH($A34,Raw_Data!$R$2:$R$88,0)) -> 5 | D34: =INDEX(Raw_Data!$O$2:$O$88,MATCH($A34,Raw_Data!$R$2:$R$88,0)) -> 116 | E34: =INDEX(Raw_Data!$F$2:$F$88,MATCH($A34,Raw_Data!$R$2:$R$88,0)) -> 0.15223187 | F34: =INDEX(Raw_Data!$P$2:$P$88,MATCH($A34,Raw_Data!$R$2:$R$88,0)) -> Upgrade Step Inpt 5 → Step Inpt 6 | G34: =INDEX(Raw_Data!$Q$2:$Q$88,MATCH($A34,Raw_Data!$R$2:$R$88,0)) -> 227.9089
A35: 4 | B35: =INDEX(Raw_Data!$A$2:$A$88,MATCH($A35,Raw_Data!$R$2:$R$88,0)) -> 73 | C35: =INDEX(Raw_Data!$B$2:$B$88,MATCH($A35,Raw_Data!$R$2:$R$88,0)) -> 5 | D35: =INDEX(Raw_Data!$O$2:$O$88,MATCH($A35,Raw_Data!$R$2:$R$88,0)) -> 114 | E35: =INDEX(Raw_Data!$F$2:$F$88,MATCH($A35,Raw_Data!$R$2:$R$88,0)) -> 0.13796168 | F35: =INDEX(Raw_Data!$P$2:$P$88,MATCH($A35,Raw_Data!$R$2:$R$88,0)) -> Upgrade Step Inpt 5 → Step Inpt 6 | G35: =INDEX(Raw_Data!$Q$2:$Q$88,MATCH($A35,Raw_Data!$R$2:$R$88,0)) -> 222.35263
A36: 5 | B36: =INDEX(Raw_Data!$A$2:$A$88,MATCH($A36,Raw_Data!$R$2:$R$88,0)) -> 44 | C36: =INDEX(Raw_Data!$B$2:$B$88,MATCH($A36,Raw_Data!$R$2:$R$88,0)) -> 5 | D36: =INDEX(Raw_Data!$O$2:$O$88,MATCH($A36,Raw_Data!$R$2:$R$88,0)) -> 106 | E36: =INDEX(Raw_Data!$F$2:$F$88,MATCH($A36,Raw_Data!$R$2:$R$88,0)) -> 0.15101217 | F36: =INDEX(Raw_Data!$P$2:$P$88,MATCH($A36,Raw_Data!$R$2:$R$88,0)) -> Upgrade Step Inpt 5 → Step Inpt 6 | G36: =INDEX(Raw_Data!$Q$2:$Q$88,MATCH($A36,Raw_Data!$R$2:$R$88,0)) -> 208.13229
A37: 6 | B37: =INDEX(Raw_Data!$A$2:$A$88,MATCH($A37,Raw_Data!$R$2:$R$88,0)) -> 99 | C37: =INDEX(Raw_Data!$B$2:$B$88,MATCH($A37,Raw_Data!$R$2:$R$88,0)) -> 5 | D37: =INDEX(Raw_Data!$O$2:$O$88,MATCH($A37,Raw_Data!$R$2:$R$88,0)) -> 103 | E37: =INDEX(Raw_Data!$F$2:$F$88,MATCH($A37,Raw_Data!$R$2:$R$88,0)) -> 0.14900193 | F37: =INDEX(Raw_Data!$P$2:$P$88,MATCH($A37,Raw_Data!$R$2:$R$88,0)) -> Upgrade Step Inpt 5 → Step Inpt 6 | G37: =INDEX(Raw_Data!$Q$2:$Q$88,MATCH($A37,Raw_Data!$R$2:$R$88,0)) -> 195.5972
A38: 7 | B38: =INDEX(Raw_Data!$A$2:$A$88,MATCH($A38,Raw_Data!$R$2:$R$88,0)) -> 50 | C38: =INDEX(Raw_Data!$B$2:$B$88,MATCH($A38,Raw_Data!$R$2:$R$88,0)) -> 6 | D38: =INDEX(Raw_Data!$O$2:$O$88,MATCH($A38,Raw_Data!$R$2:$R$88,0)) -> 94 | E38: =INDEX(Raw_Data!$F$2:$F$88,MATCH($A38,Raw_Data!$R$2:$R$88,0)) -> 0.19544212 | F38: =INDEX(Raw_Data!$P$2:$P$88,MATCH($A38,Raw_Data!$R$2:$R$88,0)) -> Highest step — escalate to clinical review | G38: =INDEX(Raw_Data!$Q$2:$Q$88,MATCH($A38,Raw_Data!$R$2:$R$88,0)) -> 194.62156
A39: 8 | B39: =INDEX(Raw_Data!$A$2:$A$88,MATCH($A39,Raw_Data!$R$2:$R$88,0)) -> 92 | C39: =INDEX(Raw_Data!$B$2:$B$88,MATCH($A39,Raw_Data!$R$2:$R$88,0)) -> 5 | D39: =INDEX(Raw_Data!$O$2:$O$88,MATCH($A39,Raw_Data!$R$2:$R$88,0)) -> 97 | E39: =INDEX(Raw_Data!$F$2:$F$88,MATCH($A39,Raw_Data!$R$2:$R$88,0)) -> 0.1479161 | F39: =INDEX(Raw_Data!$P$2:$P$88,MATCH($A39,Raw_Data!$R$2:$R$88,0)) -> Upgrade Step Inpt 5 → Step Inpt 6 | G39: =INDEX(Raw_Data!$Q$2:$Q$88,MATCH($A39,Raw_Data!$R$2:$R$88,0)) -> 188.13953
A40: 9 | B40: =INDEX(Raw_Data!$A$2:$A$88,MATCH($A40,Raw_Data!$R$2:$R$88,0)) -> 37 | C40: =INDEX(Raw_Data!$B$2:$B$88,MATCH($A40,Raw_Data!$R$2:$R$88,0)) -> 5 | D40: =INDEX(Raw_Data!$O$2:$O$88,MATCH($A40,Raw_Data!$R$2:$R$88,0)) -> 98 | E40: =INDEX(Raw_Data!$F$2:$F$88,MATCH($A40,Raw_Data!$R$2:$R$88,0)) -> 0.1491655 | F40: =INDEX(Raw_Data!$P$2:$P$88,MATCH($A40,Raw_Data!$R$2:$R$88,0)) -> Upgrade Step Inpt 5 → Step Inpt 6 | G40: =INDEX(Raw_Data!$Q$2:$Q$88,MATCH($A40,Raw_Data!$R$2:$R$88,0)) -> 182.03489
A41: 10 | B41: =INDEX(Raw_Data!$A$2:$A$88,MATCH($A41,Raw_Data!$R$2:$R$88,0)) -> 55 | C41: =INDEX(Raw_Data!$B$2:$B$88,MATCH($A41,Raw_Data!$R$2:$R$88,0)) -> 6 | D41: =INDEX(Raw_Data!$O$2:$O$88,MATCH($A41,Raw_Data!$R$2:$R$88,0)) -> 82 | E41: =INDEX(Raw_Data!$F$2:$F$88,MATCH($A41,Raw_Data!$R$2:$R$88,0)) -> 0.19637428 | F41: =INDEX(Raw_Data!$P$2:$P$88,MATCH($A41,Raw_Data!$R$2:$R$88,0)) -> Highest step — escalate to clinical review | G41: =INDEX(Raw_Data!$Q$2:$Q$88,MATCH($A41,Raw_Data!$R$2:$R$88,0)) -> 171.56102
